1,1,What is the capital of France,Berlin,Madrid,Paris,Rome,2
2,1,How many colors are there in a rainbow,5,6,7,8,2
3,1,What do bees collect and use to create honey,Pollen,Water,Leaves,Nectar,3
4,1,Which planet is known as the Red Planet,Mars,Venus,Saturn,Jupiter,0
5,1,What is the largest ocean on Earth,Atlantic,Pacific,Arctic,Indian,1
6,1,Who painted the Mona Lisa,Vincent Van Gogh,Pablo Picasso,Leonardo da Vinci,Gustav Klimt,2
7,1,What is the name for a baby horse,Puppy,Foal,Calf,Kid,1
8,1,Which season is the warmest,Winter,Spring,Autumn,Summer,3
9,1,How many letters are there in the English alphabet,24,25,26,27,2
10,1,How many continents are there,5,6,7,8,2
1,2,What is the pH level of pure water,5,7,9,11,1
2,2,What is the smallest bone in the human body,Femur,Stapes,Radius,Tibia,1
3,2,Which chess piece can only move diagonally,Rook,Knight,Bishop,Queen,2
4,2,Which element has the chemical symbol Fe,Helium,Iron,Fluorine,Francium,1
5,2,What is the longest river in the world,Nile,Amazon,Yangtze,Mississippi,1
6,2,How many hearts does an octopus have,1,2,3,4,2
7,2,What is the tallest mammal,Giraffe,Elephant,Blue Whale,Hippopotamus,0
8,2,How many valves does the heart have,2,4,6,8,1
9,2,Which planet is closest to the sun,Venus,Earth,Mars,Mercury,3
10,2,Who wrote the play Hamlet,Geoffrey Chaucer,John Milton,William Shakespeare,Charles Dickens,2
1,3,What is the capital of Iceland,Reykjavik,Helsinki,Oslo,Copenhagen,0
2,3,Who discovered penicillin,Marie Curie,Alexander Fleming,Louis Pasteur,Alfred Nobel,1
3,3,Who composed the Four Seasons,Ludwig van Beethoven,W Amadeus Mozart,J Sebastian Bach,Antonio Vivaldi,3
4,3,Which artist is famous for the Blue Period,Pablo Picasso,Vincent Van Gogh,Salvador Dali,Claude Monet,0
5,3,What was the original name of the city of Istanbul,Rome,Sparta,Athens,Constantinople,3
6,3,Who was the first woman to win a Nobel Prize in 19O3,Marie Curie,Bertha von Suttner,Dorothy Hodgkin,Lise Meitner,0
7,3,The Treaty of Versailles was signed in what year,1917,1918,1919,1920,2
8,3,What is the study of mushrooms called,Botany,Zoology,Entomology,Mycology,3
9,3,The Beaufort Scale is used to measure what,Earthquakes,Wind strength,Ocean depth,Sunlight intensity,1
10,3,What is the chemical symbol for gold,Au,Ag,Ge,Go,0